time_sec,command,a,b,s1,s2,s3,ds1,ds2,ds3,w1,w2,w3,i1,i2,i3,lookahead1,lookahead2,x,y,vx,vy
0.037,NMT_START_ALL,,,,,,,,,,,,,,,,,,,,
0.139,SDO_SET_MODE_22,,,,,,,,,,,,,,,,,,,,
0.191,SDO_ENABLE_OP_22,,,,,,,,,,,,,,,,,,,,
0.243,SDO_SET_MODE_24,,,,,,,,,,,,,,,,,,,,
0.295,SDO_ENABLE_OP_24,,,,,,,,,,,,,,,,,,,,
0.349,SDO_SET_MODE_26,,,,,,,,,,,,,,,,,,,,
0.401,SDO_ENABLE_OP_26,,,,,,,,,,,,,,,,,,,,
0.453,INIT,,,,,,,,,,,,,,,,,,,,
0.555,INIT,,,,,,,,,,,,,,,,,,,,
0.657,INIT,,,,,,,,,,,,,,,,,,,,
0.759,INIT,,,,,,,,,,,,,,,,,,,,
0.861,INIT,,,,,,,,,,,,,,,,,,,,
0.963,INIT,,,,,,,,,,,,,,,,,,,,
1.065,INIT,,,,,,,,,,,,,,,,,,,,
1.167,INIT,,,,,,,,,,,,,,,,,,,,
1.269,INIT,,,,,,,,,,,,,,,,,,,,
1.590,OPEN_22,,,,,,,,,,,,,,,,,,,,
1.592,OPEN_24,,,,,,,,,,,,,,,,,,,,
1.594,OPEN_26,,,,,,,,,,,,,,,,,,,,
1.595,,0.965,-0.000,"[1, 1, 0, 0, 1]","[1, 0, 1, 1, 1]","[1, 0, 0, 0, 1]","[1, 0, -1, 0, 1]","[1, -1, 1, 0, 0]","[1, -1, 0, 0, 1]",0.000,0.000,0.000,0,0,0,3.600,-0.900,0.000,0.000,-0.013,0.009
1.597,OPEN_22,,,,,,,,,,,,,,,,,,,,
1.599,OPEN_24,,,,,,,,,,,,,,,,,,,,
1.600,OPEN_26,,,,,,,,,,,,,,,,,,,,
1.601,CLOSE_22,,,,,,,,,,,,,,,,,,,,
1.602,CLOSE_24,,,,,,,,,,,,,,,,,,,,
1.603,CLOSE_26,,,,,,,,,,,,,,,,,,,,
1.628,,0.965,-0.000,"[1, 1, 0, 0, 1]","[1, 0, 1, 1, 1]","[1, 0, 0, 0, 1]","[1, 0, -1, 0, 1]","[1, -1, 1, 0, 0]","[1, -1, 0, 0, 1]",3.048,3.048,3.048,1,1,1,3.600,-0.900,0.000,0.000,-0.013,0.009
1.630,OPEN_22,,,,,,,,,,,,,,,,,,,,
1.632,CLOSE_22,,,,,,,,,,,,,,,,,,,,
1.633,CLOSE_24,,,,,,,,,,,,,,,,,,,,
1.634,CLOSE_26,,,,,,,,,,,,,,,,,,,,
1.989,,0.785,-0.000,"[1, 1, 0, 0, 1]","[1, 0, 1, 1, 1]","[1, 0, 0, 0, 1]","[1, 0, -1, 0, 1]","[1, -1, 1, 0, 0]","[1, -1, 0, 0, 1]",6.096,3.048,3.048,2,1,1,3.600,-0.900,0.000,0.000,-0.006,0.006
1.993,CLOSE_22,,,,,,,,,,,,,,,,,,,,
1.996,CLOSE_24,,,,,,,,,,,,,,,,,,,,
1.999,CLOSE_26,,,,,,,,,,,,,,,,,,,,
2.028,,0.785,-0.000,"[1, 1, 0, 0, 1]","[1, 0, 1, 1, 1]","[1, 0, 0, 0, 1]","[1, 0, -1, 0, 1]","[1, -1, 1, 0, 0]","[1, -1, 0, 0, 1]",6.096,3.048,3.048,2,1,1,3.600,-0.900,0.000,0.000,-0.006,0.006
2.031,CLOSE_22,,,,,,,,,,,,,,,,,,,,
2.039,CLOSE_24,,,,,,,,,,,,,,,,,,,,
2.042,CLOSE_26,,,,,,,,,,,,,,,,,,,,
2.385,,1.523,0.002,"[1, 1, 0, 0, 1]","[1, 0, 1, 1, 1]","[1, 0, 0, 0, 1]","[1, 0, -1, 0, 1]","[1, -1, 1, 0, 0]","[1, -1, 0, 0, 1]",6.096,3.048,3.048,2,1,1,3.602,-0.898,-0.000,-0.002,-0.021,0.001
2.386,CLOSE_22,,,,,,,,,,,,,,,,,,,,
2.387,CLOSE_24,,,,,,,,,,,,,,,,,,,,
2.388,CLOSE_26,,,,,,,,,,,,,,,,,,,,
2.413,,1.523,0.002,"[1, 1, 0, 0, 1]","[1, 0, 1, 1, 1]","[1, 0, 0, 0, 1]","[1, 0, -1, 0, 1]","[1, -1, 1, 0, 0]","[1, -1, 0, 0, 1]",6.096,3.048,3.048,2,1,1,3.602,-0.898,-0.000,-0.002,-0.021,0.001
2.417,CLOSE_22,,,,,,,,,,,,,,,,,,,,
2.419,CLOSE_24,,,,,,,,,,,,,,,,,,,,
2.423,CLOSE_26,,,,,,,,,,,,,,,,,,,,
2.793,,-0.540,0.001,"[1, 1, 0, 0, 1]","[1, 0, 1, 1, 1]","[1, 0, 0, 0, 1]","[1, 0, -1, 0, 1]","[1, -1, 1, 0, 0]","[1, -1, 0, 0, 1]",6.096,3.048,3.048,2,1,1,3.601,-0.899,-0.000,-0.001,0.003,0.005
2.794,CLOSE_22,,,,,,,,,,,,,,,,,,,,
2.799,CLOSE_24,,,,,,,,,,,,,,,,,,,,
2.801,CLOSE_26,,,,,,,,,,,,,,,,,,,,
2.826,,-0.540,0.001,"[1, 1, 0, 0, 1]","[1, 0, 1, 1, 1]","[1, 0, 0, 0, 1]","[1, 0, -1, 0, 1]","[1, -1, 1, 0, 0]","[1, -1, 0, 0, 1]",6.096,3.048,3.048,2,1,1,3.601,-0.899,-0.000,-0.001,0.003,0.005
2.828,CLOSE_22,,,,,,,,,,,,,,,,,,,,
2.829,CLOSE_24,,,,,,,,,,,,,,,,,,,,
2.831,CLOSE_26,,,,,,,,,,,,,,,,,,,,
3.183,,-2.433,-0.001,"[1, 1, 0, 0, 1]","[1, 0, 1, 1, 1]","[1, 0, 0, 0, 1]","[1, 0, -1, 0, 1]","[1, -1, 1, 0, 0]","[1, -1, 0, 0, 1]",6.096,3.048,3.048,2,1,1,3.599,-0.901,0.001,0.001,0.006,-0.007
3.184,CLOSE_22,,,,,,,,,,,,,,,,,,,,
3.186,CLOSE_24,,,,,,,,,,,,,,,,,,,,
3.187,CLOSE_26,,,,,,,,,,,,,,,,,,,,
3.212,,-2.433,-0.001,"[1, 1, 0, 0, 1]","[1, 0, 1, 1, 1]","[1, 0, 0, 0, 1]","[1, 0, -1, 0, 1]","[1, -1, 1, 0, 0]","[1, -1, 0, 0, 1]",6.096,3.048,3.048,2,1,1,3.599,-0.901,0.001,0.001,0.006,-0.007
3.215,CLOSE_22,,,,,,,,,,,,,,,,,,,,
3.217,CLOSE_24,,,,,,,,,,,,,,,,,,,,
3.218,CLOSE_26,,,,,,,,,,,,,,,,,,,,
3.582,,1.709,-0.002,"[1, 1, 0, 0, 1]","[1, 0, 1, 1, 1]","[1, 0, 0, 0, 1]","[1, 0, -1, 0, 1]","[1, -1, 1, 0, 0]","[1, -1, 0, 0, 1]",6.096,3.048,3.048,2,1,1,3.598,-0.902,-0.005,0.002,-0.036,-0.005
3.585,CLOSE_22,,,,,,,,,,,,,,,,,,,,
3.588,CLOSE_24,,,,,,,,,,,,,,,,,,,,
3.589,CLOSE_26,,,,,,,,,,,,,,,,,,,,
3.614,,1.709,-0.002,"[1, 1, 0, 0, 1]","[1, 0, 1, 1, 1]","[1, 0, 0, 0, 1]","[1, 0, -1, 0, 1]","[1, -1, 1, 0, 0]","[1, -1, 0, 0, 1]",6.096,3.048,3.048,2,1,1,3.598,-0.902,-0.005,0.002,-0.036,-0.005
3.617,CLOSE_22,,,,,,,,,,,,,,,,,,,,
3.620,CLOSE_24,,,,,,,,,,,,,,,,,,,,
3.624,CLOSE_26,,,,,,,,,,,,,,,,,,,,
3.987,,2.974,-0.005,"[1, 1, 0, 0, 1]","[1, 0, 1, 1, 1]","[1, 0, 0, 0, 1]","[1, 0, -1, 0, 1]","[1, -1, 1, 0, 0]","[1, -1, 0, 0, 1]",6.096,3.048,3.048,2,1,1,3.595,-0.905,-0.009,0.005,-0.053,-0.314
3.990,CLOSE_22,,,,,,,,,,,,,,,,,,,,
3.992,CLOSE_24,,,,,,,,,,,,,,,,,,,,
3.994,CLOSE_26,,,,,,,,,,,,,,,,,,,,
4.021,,2.974,-0.005,"[1, 1, 0, 0, 1]","[1, 0, 1, 1, 1]","[1, 0, 0, 0, 1]","[1, 0, -1, 0, 1]","[1, -1, 1, 0, 0]","[1, -1, 0, 0, 1]",6.096,3.048,3.048,2,1,1,3.595,-0.905,-0.009,0.005,-0.053,-0.314
4.023,CLOSE_22,,,,,,,,,,,,,,,,,,,,
4.025,CLOSE_24,,,,,,,,,,,,,,,,,,,,
4.030,CLOSE_26,,,,,,,,,,,,,,,,,,,,
4.386,,3.040,0.106,"[1, 1, 0, 0, 1]","[1, 0, 1, 1, 1]","[1, 0, 0, 0, 1]","[1, 0, -1, 0, 1]","[1, -1, 1, 0, 0]","[1, -1, 0, 0, 1]",6.096,3.048,3.048,2,1,1,3.706,-0.794,-0.012,-0.106,-0.076,-0.746
4.392,CLOSE_22,,,,,,,,,,,,,,,,,,,,
4.394,CLOSE_24,,,,,,,,,,,,,,,,,,,,
4.400,CLOSE_26,,,,,,,,,,,,,,,,,,,,
4.424,,3.040,0.106,"[1, 1, 0, 0, 1]","[1, 0, 1, 1, 1]","[1, 0, 0, 0, 1]","[1, 0, -1, 0, 1]","[1, -1, 1, 0, 0]","[1, -1, 0, 0, 1]",6.096,3.048,3.048,2,1,1,3.706,-0.794,-0.012,-0.106,-0.076,-0.746
4.426,CLOSE_22,,,,,,,,,,,,,,,,,,,,
4.429,CLOSE_24,,,,,,,,,,,,,,,,,,,,
4.430,CLOSE_26,,,,,,,,,,,,,,,,,,,,
4.788,,3.095,0.385,"[1, 1, 0, 0, 1]","[1, 0, 1, 1, 1]","[1, 0, 0, 0, 1]","[1, 0, -1, 0, 1]","[1, -1, 1, 0, 0]","[1, -1, 0, 0, 1]",6.096,3.048,3.048,2,1,1,3.985,-0.515,-0.021,-0.385,-0.040,-0.858
4.791,CLOSE_22,,,,,,,,,,,,,,,,,,,,
4.792,CLOSE_24,,,,,,,,,,,,,,,,,,,,
4.794,CLOSE_26,,,,,,,,,,,,,,,,,,,,
4.823,,3.095,0.385,"[1, 1, 0, 0, 1]","[1, 0, 1, 1, 1]","[1, 0, 0, 0, 1]","[1, 0, -1, 0, 1]","[1, -1, 1, 0, 0]","[1, -1, 0, 0, 1]",6.096,3.048,3.048,2,1,1,3.985,-0.515,-0.021,-0.385,-0.040,-0.858
4.825,CLOSE_22,,,,,,,,,,,,,,,,,,,,
4.828,CLOSE_24,,,,,,,,,,,,,,,,,,,,
4.830,CLOSE_26,,,,,,,,,,,,,,,,,,,,
5.183,,3.132,0.713,"[1, 1, 0, 0, 1]","[1, 0, 1, 1, 1]","[1, 0, 0, 0, 1]","[1, 0, -1, 0, 1]","[1, -1, 1, 0, 0]","[1, -1, 0, 0, 1]",6.096,3.048,3.048,2,1,1,4.313,-0.187,-0.029,-0.713,-0.007,-0.768
5.190,CLOSE_22,,,,,,,,,,,,,,,,,,,,
5.193,CLOSE_24,,,,,,,,,,,,,,,,,,,,
5.199,CLOSE_26,,,,,,,,,,,,,,,,,,,,
5.225,,3.132,0.713,"[1, 1, 0, 0, 1]","[1, 0, 1, 1, 1]","[1, 0, 0, 0, 1]","[1, 0, -1, 0, 1]","[1, -1, 1, 0, 0]","[1, -1, 0, 0, 1]",6.096,3.048,3.048,2,1,1,4.313,-0.187,-0.029,-0.713,-0.007,-0.768
5.231,CLOSE_22,,,,,,,,,,,,,,,,,,,,
5.233,CLOSE_24,,,,,,,,,,,,,,,,,,,,
5.236,CLOSE_26,,,,,,,,,,,,,,,,,,,,
5.582,,3.108,1.027,"[1, 1, 0, 0, 1]","[1, 0, 1, 1, 1]","[1, 0, 0, 0, 1]","[1, 0, -1, 0, 1]","[1, -1, 1, 0, 0]","[1, -1, 0, 0, 1]",6.096,3.048,3.048,2,1,1,4.627,0.127,-0.034,-1.027,-0.026,-0.770
5.584,CLOSE_22,,,,,,,,,,,,,,,,,,,,
5.586,CLOSE_24,,,,,,,,,,,,,,,,,,,,
5.587,CLOSE_26,,,,,,,,,,,,,,,,,,,,
5.613,,3.108,1.027,"[1, 1, 0, 0, 1]","[1, 0, 1, 1, 1]","[1, 0, 0, 0, 1]","[1, 0, -1, 0, 1]","[1, -1, 1, 0, 0]","[1, -1, 0, 0, 1]",6.096,3.048,3.048,2,1,1,4.627,0.127,-0.034,-1.027,-0.026,-0.770
5.615,CLOSE_22,,,,,,,,,,,,,,,,,,,,
5.617,CLOSE_24,,,,,,,,,,,,,,,,,,,,
5.619,CLOSE_26,,,,,,,,,,,,,,,,,,,,
5.985,,3.136,1.354,"[1, 1, 0, 0, 1]","[1, 0, 1, 1, 1]","[1, 0, 0, 0, 1]","[1, 0, -1, 0, 1]","[1, -1, 1, 0, 0]","[1, -1, 0, 0, 1]",6.096,3.048,3.048,2,1,1,4.954,0.454,-0.054,-1.354,-0.005,-0.856
5.989,CLOSE_22,,,,,,,,,,,,,,,,,,,,
5.991,CLOSE_24,,,,,,,,,,,,,,,,,,,,
5.993,CLOSE_26,,,,,,,,,,,,,,,,,,,,
6.021,,3.136,1.354,"[1, 1, 0, 0, 1]","[1, 0, 1, 1, 1]","[1, 0, 0, 0, 1]","[1, 0, -1, 0, 1]","[1, -1, 1, 0, 0]","[1, -1, 0, 0, 1]",6.096,3.048,3.048,2,1,1,4.954,0.454,-0.054,-1.354,-0.005,-0.856
6.027,CLOSE_22,,,,,,,,,,,,,,,,,,,,
6.032,CLOSE_24,,,,,,,,,,,,,,,,,,,,
6.036,CLOSE_26,,,,,,,,,,,,,,,,,,,,
6.388,,-3.044,1.687,"[1, 1, 0, 0, 1]","[1, 0, 1, 1, 1]","[1, 0, 0, 0, 1]","[1, 0, -1, 0, 1]","[1, -1, 1, 0, 0]","[1, -1, 0, 0, 1]",6.096,3.048,3.048,2,1,1,5.287,0.787,-0.031,-1.687,0.078,-0.793
6.391,CLOSE_22,,,,,,,,,,,,,,,,,,,,
6.394,CLOSE_24,,,,,,,,,,,,,,,,,,,,
6.400,CLOSE_26,,,,,,,,,,,,,,,,,,,,
6.425,,-3.044,1.687,"[1, 1, 0, 0, 1]","[1, 0, 1, 1, 1]","[1, 0, 0, 0, 1]","[1, 0, -1, 0, 1]","[1, -1, 1, 0, 0]","[1, -1, 0, 0, 1]",6.096,3.048,3.048,2,1,1,5.287,0.787,-0.031,-1.687,0.078,-0.793
6.430,CLOSE_22,,,,,,,,,,,,,,,,,,,,
6.458,CLOSE_24,,,,,,,,,,,,,,,,,,,,
6.470,CLOSE_26,,,,,,,,,,,,,,,,,,,,
6.787,,3.037,2.003,"[1, 1, 0, 0, 1]","[1, 0, 1, 1, 1]","[1, 0, 0, 0, 1]","[1, 0, -1, 0, 1]","[1, -1, 1, 0, 0]","[1, -1, 0, 0, 1]",6.096,3.048,3.048,2,1,1,5.603,1.103,-0.041,-2.003,-0.081,-0.771
6.789,CLOSE_22,,,,,,,,,,,,,,,,,,,,
6.791,CLOSE_24,,,,,,,,,,,,,,,,,,,,
6.792,CLOSE_26,,,,,,,,,,,,,,,,,,,,
6.816,,3.037,2.003,"[1, 1, 0, 0, 1]","[1, 0, 1, 1, 1]","[1, 0, 0, 0, 1]","[1, 0, -1, 0, 1]","[1, -1, 1, 0, 0]","[1, -1, 0, 0, 1]",6.096,3.048,3.048,2,1,1,5.603,1.103,-0.041,-2.003,-0.081,-0.771
6.819,CLOSE_22,,,,,,,,,,,,,,,,,,,,
6.822,CLOSE_24,,,,,,,,,,,,,,,,,,,,
6.824,CLOSE_26,,,,,,,,,,,,,,,,,,,,
7.183,,-3.085,2.319,"[1, 1, 0, 0, 1]","[1, 0, 1, 1, 1]","[1, 0, 0, 0, 1]","[1, 0, -1, 0, 1]","[1, -1, 1, 0, 0]","[1, -1, 0, 0, 1]",6.096,3.048,3.048,2,1,1,5.919,1.419,-0.026,-2.319,0.044,-0.778
7.186,CLOSE_22,,,,,,,,,,,,,,,,,,,,
7.188,CLOSE_24,,,,,,,,,,,,,,,,,,,,
7.189,CLOSE_26,,,,,,,,,,,,,,,,,,,,
7.214,,-3.085,2.319,"[1, 1, 0, 0, 1]","[1, 0, 1, 1, 1]","[1, 0, 0, 0, 1]","[1, 0, -1, 0, 1]","[1, -1, 1, 0, 0]","[1, -1, 0, 0, 1]",6.096,3.048,3.048,2,1,1,5.919,1.419,-0.026,-2.319,0.044,-0.778
7.216,CLOSE_22,,,,,,,,,,,,,,,,,,,,
7.218,CLOSE_24,,,,,,,,,,,,,,,,,,,,
7.219,CLOSE_26,,,,,,,,,,,,,,,,,,,,
7.581,,-3.142,2.637,"[1, 1, 0, 0, 1]","[1, 0, 1, 1, 1]","[1, 0, 0, 0, 1]","[1, 0, -1, 0, 1]","[1, -1, 1, 0, 0]","[1, -1, 0, 0, 1]",6.096,3.048,3.048,2,1,1,6.237,1.737,-0.010,-2.637,0.000,-0.793
7.583,CLOSE_22,,,,,,,,,,,,,,,,,,,,
7.584,CLOSE_24,,,,,,,,,,,,,,,,,,,,
7.586,CLOSE_26,,,,,,,,,,,,,,,,,,,,
7.611,,-3.142,2.637,"[1, 1, 0, 0, 1]","[1, 0, 1, 1, 1]","[1, 0, 0, 0, 1]","[1, 0, -1, 0, 1]","[1, -1, 1, 0, 0]","[1, -1, 0, 0, 1]",6.096,3.048,3.048,2,1,1,6.237,1.737,-0.010,-2.637,0.000,-0.793
7.614,CLOSE_22,,,,,,,,,,,,,,,,,,,,
7.616,CLOSE_24,,,,,,,,,,,,,,,,,,,,
7.617,CLOSE_26,,,,,,,,,,,,,,,,,,,,
7.987,,-3.132,2.950,"[1, 1, 0, 0, 1]","[1, 0, 1, 1, 1]","[1, 0, 0, 0, 1]","[1, 0, -1, 0, 1]","[1, -1, 1, 0, 0]","[1, -1, 0, 0, 1]",6.096,3.048,3.048,2,1,1,6.550,2.050,-0.010,-2.950,0.007,-0.761
7.991,CLOSE_22,,,,,,,,,,,,,,,,,,,,
7.994,CLOSE_24,,,,,,,,,,,,,,,,,,,,
7.996,CLOSE_26,,,,,,,,,,,,,,,,,,,,
8.024,,-3.132,2.950,"[1, 1, 0, 0, 1]","[1, 0, 1, 1, 1]","[1, 0, 0, 0, 1]","[1, 0, -1, 0, 1]","[1, -1, 1, 0, 0]","[1, -1, 0, 0, 1]",6.096,3.048,3.048,2,1,1,6.550,2.050,-0.010,-2.950,0.007,-0.761
8.028,CLOSE_22,,,,,,,,,,,,,,,,,,,,
8.033,CLOSE_24,,,,,,,,,,,,,,,,,,,,
8.035,CLOSE_26,,,,,,,,,,,,,,,,,,,,
8.385,,-3.132,3.269,"[1, 1, 0, 0, 1]","[1, 0, 1, 1, 1]","[1, 0, 0, 0, 1]","[1, 0, -1, 0, 1]","[1, -1, 1, 0, 0]","[1, -1, 0, 0, 1]",6.096,3.048,3.048,2,1,1,6.870,2.369,-0.014,-3.269,0.008,-0.816
8.388,CLOSE_22,,,,,,,,,,,,,,,,,,,,
8.391,CLOSE_24,,,,,,,,,,,,,,,,,,,,
8.393,CLOSE_26,,,,,,,,,,,,,,,,,,,,
8.420,,-3.132,3.269,"[1, 1, 0, 0, 1]","[1, 0, 1, 1, 1]","[1, 0, 0, 0, 1]","[1, 0, -1, 0, 1]","[1, -1, 1, 0, 0]","[1, -1, 0, 0, 1]",6.096,3.048,3.048,2,1,1,6.870,2.369,-0.014,-3.269,0.008,-0.816
8.422,CLOSE_22,,,,,,,,,,,,,,,,,,,,
8.425,CLOSE_24,,,,,,,,,,,,,,,,,,,,
8.426,CLOSE_26,,,,,,,,,,,,,,,,,,,,
8.787,,-3.101,3.592,"[1, 1, 0, 0, 1]","[1, 0, 1, 1, 1]","[1, 0, 0, 0, 1]","[1, 0, -1, 0, 1]","[1, -1, 1, 0, 0]","[1, -1, 0, 0, 1]",6.096,3.048,3.048,2,1,1,7.192,2.692,-0.004,-3.592,0.031,-0.764
8.790,CLOSE_22,,,,,,,,,,,,,,,,,,,,
8.791,CLOSE_24,,,,,,,,,,,,,,,,,,,,
8.793,CLOSE_26,,,,,,,,,,,,,,,,,,,,
8.819,,-3.101,3.592,"[1, 1, 0, 0, 1]","[1, 0, 1, 1, 1]","[1, 0, 0, 0, 1]","[1, 0, -1, 0, 1]","[1, -1, 1, 0, 0]","[1, -1, 0, 0, 1]",6.096,3.048,3.048,2,1,1,7.192,2.692,-0.004,-3.592,0.031,-0.764
8.821,CLOSE_22,,,,,,,,,,,,,,,,,,,,
8.822,CLOSE_24,,,,,,,,,,,,,,,,,,,,
8.823,CLOSE_26,,,,,,,,,,,,,,,,,,,,
9.182,,3.128,3.903,"[1, 1, 0, 0, 1]","[1, 0, 1, 1, 1]","[1, 0, 0, 0, 1]","[1, 0, -1, 0, 1]","[1, -1, 1, 0, 0]","[1, -1, 0, 0, 1]",6.096,3.048,3.048,2,1,1,7.503,3.003,0.005,-3.903,-0.010,-0.732
9.184,CLOSE_22,,,,,,,,,,,,,,,,,,,,
9.185,CLOSE_24,,,,,,,,,,,,,,,,,,,,
9.186,CLOSE_26,,,,,,,,,,,,,,,,,,,,
9.211,,3.128,3.903,"[1, 1, 0, 0, 1]","[1, 0, 1, 1, 1]","[1, 0, 0, 0, 1]","[1, 0, -1, 0, 1]","[1, -1, 1, 0, 0]","[1, -1, 0, 0, 1]",6.096,3.048,3.048,2,1,1,7.503,3.003,0.005,-3.903,-0.010,-0.732
9.214,CLOSE_22,,,,,,,,,,,,,,,,,,,,
9.217,CLOSE_24,,,,,,,,,,,,,,,,,,,,
9.225,CLOSE_26,,,,,,,,,,,,,,,,,,,,
9.583,,-3.142,4.204,"[1, 1, 0, 0, 1]","[1, 0, 1, 1, 1]","[1, 0, 0, 0, 1]","[1, 0, -1, 0, 1]","[1, -1, 1, 0, 0]","[1, -1, 0, 0, 1]",6.096,3.048,3.048,2,1,1,7.804,3.304,0.002,-4.204,0.000,-0.778
9.585,CLOSE_24,,,,,,,,,,,,,,,,,,,,
9.587,CLOSE_26,,,,,,,,,,,,,,,,,,,,
9.589,CLOSE_22,,,,,,,,,,,,,,,,,,,,
9.590,CLOSE_24,,,,,,,,,,,,,,,,,,,,
9.593,CLOSE_26,,,,,,,,,,,,,,,,,,,,
9.618,,-3.142,4.204,"[1, 1, 0, 0, 1]","[1, 0, 1, 1, 1]","[1, 0, 0, 0, 1]","[1, 0, -1, 0, 1]","[1, -1, 1, 0, 0]","[1, -1, 0, 0, 1]",6.096,6.096,6.096,2,2,2,7.804,3.304,0.002,-4.204,0.000,-0.778
9.620,OPEN_24,,,,,,,,,,,,,,,,,,,,
9.628,CLOSE_22,,,,,,,,,,,,,,,,,,,,
9.631,CLOSE_24,,,,,,,,,,,,,,,,,,,,
9.635,CLOSE_26,,,,,,,,,,,,,,,,,,,,
9.988,,-3.142,4.510,"[1, 1, 0, 0, 1]","[1, 0, 1, 1, 1]","[1, 0, 0, 0, 1]","[1, 0, -1, 0, 1]","[1, -1, 1, 0, 0]","[1, -1, 0, 0, 1]",6.096,9.144,6.096,2,3,2,8.110,3.610,0.001,-4.510,0.000,-0.785
9.991,CLOSE_22,,,,,,,,,,,,,,,,,,,,
9.993,CLOSE_24,,,,,,,,,,,,,,,,,,,,
9.995,CLOSE_26,,,,,,,,,,,,,,,,,,,,
10.024,,-3.142,4.510,"[1, 1, 0, 0, 1]","[1, 0, 1, 1, 1]","[1, 0, 0, 0, 1]","[1, 0, -1, 0, 1]","[1, -1, 1, 0, 0]","[1, -1, 0, 0, 1]",6.096,9.144,6.096,2,3,2,8.110,3.610,0.001,-4.510,0.000,-0.785
10.029,CLOSE_22,,,,,,,,,,,,,,,,,,,,
10.031,CLOSE_24,,,,,,,,,,,,,,,,,,,,
10.034,CLOSE_26,,,,,,,,,,,,,,,,,,,,
10.385,,-3.126,4.822,"[1, 1, 0, 0, 1]","[1, 0, 1, 1, 1]","[1, 0, 0, 0, 1]","[1, 0, -1, 0, 1]","[1, -1, 1, 0, 0]","[1, -1, 0, 0, 1]",6.096,9.144,6.096,2,3,2,8.422,3.922,0.011,-4.822,0.012,-0.772
10.387,CLOSE_22,,,,,,,,,,,,,,,,,,,,
10.388,CLOSE_24,,,,,,,,,,,,,,,,,,,,
10.390,CLOSE_26,,,,,,,,,,,,,,,,,,,,
10.415,,-3.126,4.822,"[1, 1, 0, 0, 1]","[1, 0, 1, 1, 1]","[1, 0, 0, 0, 1]","[1, 0, -1, 0, 1]","[1, -1, 1, 0, 0]","[1, -1, 0, 0, 1]",6.096,9.144,6.096,2,3,2,8.422,3.922,0.011,-4.822,0.012,-0.772
10.417,CLOSE_22,,,,,,,,,,,,,,,,,,,,
10.419,CLOSE_24,,,,,,,,,,,,,,,,,,,,
10.420,CLOSE_26,,,,,,,,,,,,,,,,,,,,
10.787,,-3.112,5.129,"[1, 1, 0, 0, 1]","[1, 0, 1, 1, 1]","[1, 0, 0, 0, 1]","[1, 0, -1, 0, 1]","[1, -1, 1, 0, 0]","[1, -1, 0, 0, 1]",6.096,9.144,6.096,2,3,2,8.729,4.229,0.016,-5.129,0.022,-0.751
10.791,CLOSE_22,,,,,,,,,,,,,,,,,,,,
10.793,CLOSE_24,,,,,,,,,,,,,,,,,,,,
10.795,CLOSE_26,,,,,,,,,,,,,,,,,,,,
10.823,,-3.112,5.129,"[1, 1, 0, 0, 1]","[1, 0, 1, 1, 1]","[1, 0, 0, 0, 1]","[1, 0, -1, 0, 1]","[1, -1, 1, 0, 0]","[1, -1, 0, 0, 1]",6.096,9.144,6.096,2,3,2,8.729,4.229,0.016,-5.129,0.022,-0.751
10.825,CLOSE_22,,,,,,,,,,,,,,,,,,,,
10.827,CLOSE_24,,,,,,,,,,,,,,,,,,,,
10.829,CLOSE_26,,,,,,,,,,,,,,,,,,,,
11.187,,-3.122,5.438,"[1, 1, 0, 0, 1]","[1, 0, 1, 1, 1]","[1, 0, 0, 0, 1]","[1, 0, -1, 0, 1]","[1, -1, 1, 0, 0]","[1, -1, 0, 0, 1]",6.096,9.144,6.096,2,3,2,9.038,4.538,0.021,-5.438,0.016,-0.803
11.192,CLOSE_22,,,,,,,,,,,,,,,,,,,,
11.195,CLOSE_24,,,,,,,,,,,,,,,,,,,,
11.198,CLOSE_26,,,,,,,,,,,,,,,,,,,,
11.223,,-3.122,5.438,"[1, 1, 0, 0, 1]","[1, 0, 1, 1, 1]","[1, 0, 0, 0, 1]","[1, 0, -1, 0, 1]","[1, -1, 1, 0, 0]","[1, -1, 0, 0, 1]",6.096,9.144,6.096,2,3,2,9.038,4.538,0.021,-5.438,0.016,-0.803
11.225,CLOSE_22,,,,,,,,,,,,,,,,,,,,
11.229,CLOSE_24,,,,,,,,,,,,,,,,,,,,
11.231,CLOSE_26,,,,,,,,,,,,,,,,,,,,
11.583,,-3.139,5.757,"[1, 1, 0, 0, 1]","[1, 0, 1, 1, 1]","[1, 0, 0, 0, 1]","[1, 0, -1, 0, 1]","[1, -1, 1, 0, 0]","[1, -1, 0, 0, 1]",6.096,9.144,6.096,2,3,2,9.357,4.857,0.028,-5.757,0.002,-0.778
11.587,OPEN_24,,,,,,,,,,,,,,,,,,,,
11.589,CLOSE_22,,,,,,,,,,,,,,,,,,,,
11.590,CLOSE_24,,,,,,,,,,,,,,,,,,,,
11.592,CLOSE_26,,,,,,,,,,,,,,,,,,,,
11.624,,-3.139,5.757,"[1, 1, 0, 0, 1]","[1, 0, 1, 1, 1]","[1, 0, 0, 0, 1]","[1, 0, -1, 0, 1]","[1, -1, 1, 0, 0]","[1, -1, 0, 0, 1]",6.096,12.192,6.096,2,4,2,9.357,4.857,0.028,-5.757,0.002,-0.778
11.626,CLOSE_22,,,,,,,,,,,,,,,,,,,,
11.629,CLOSE_24,,,,,,,,,,,,,,,,,,,,
11.633,CLOSE_26,,,,,,,,,,,,,,,,,,,,
11.987,,3.105,6.064,"[1, 1, 0, 0, 1]","[1, 0, 1, 1, 1]","[1, 0, 0, 0, 1]","[1, 0, -1, 0, 1]","[1, -1, 1, 0, 0]","[1, -1, 0, 0, 1]",6.096,12.192,6.096,2,4,2,9.665,5.164,0.020,-6.064,-0.028,-0.763
11.990,CLOSE_22,,,,,,,,,,,,,,,,,,,,
11.993,CLOSE_24,,,,,,,,,,,,,,,,,,,,
11.995,CLOSE_26,,,,,,,,,,,,,,,,,,,,
12.022,,3.105,6.064,"[1, 1, 0, 0, 1]","[1, 0, 1, 1, 1]","[1, 0, 0, 0, 1]","[1, 0, -1, 0, 1]","[1, -1, 1, 0, 0]","[1, -1, 0, 0, 1]",6.096,12.192,6.096,2,4,2,9.665,5.164,0.020,-6.064,-0.028,-0.763
12.024,CLOSE_22,,,,,,,,,,,,,,,,,,,,
12.025,CLOSE_24,,,,,,,,,,,,,,,,,,,,
12.028,CLOSE_26,,,,,,,,,,,,,,,,,,,,
12.385,,-3.093,6.381,"[1, 1, 0, 0, 1]","[1, 0, 1, 1, 1]","[1, 0, 0, 0, 1]","[1, 0, -1, 0, 1]","[1, -1, 1, 0, 0]","[1, -1, 0, 0, 1]",6.096,12.192,6.096,2,4,2,9.981,5.481,0.028,-6.381,0.039,-0.810
12.387,CLOSE_22,,,,,,,,,,,,,,,,,,,,
12.389,CLOSE_24,,,,,,,,,,,,,,,,,,,,
12.391,CLOSE_26,,,,,,,,,,,,,,,,,,,,
12.415,,-3.093,6.381,"[1, 1, 0, 0, 1]","[1, 0, 1, 1, 1]","[1, 0, 0, 0, 1]","[1, 0, -1, 0, 1]","[1, -1, 1, 0, 0]","[1, -1, 0, 0, 1]",6.096,12.192,6.096,2,4,2,9.981,5.481,0.028,-6.381,0.039,-0.810
12.417,CLOSE_22,,,,,,,,,,,,,,,,,,,,
12.419,CLOSE_24,,,,,,,,,,,,,,,,,,,,
12.421,CLOSE_26,,,,,,,,,,,,,,,,,,,,
12.790,,-3.138,6.695,"[1, 1, 0, 0, 1]","[1, 0, 1, 1, 1]","[1, 0, 0, 0, 1]","[1, 0, -1, 0, 1]","[1, -1, 1, 0, 0]","[1, -1, 0, 0, 1]",6.096,12.192,6.096,2,4,2,10.295,5.795,0.039,-6.695,0.003,-0.765
12.795,CLOSE_22,,,,,,,,,,,,,,,,,,,,
12.797,CLOSE_24,,,,,,,,,,,,,,,,,,,,
12.798,CLOSE_26,,,,,,,,,,,,,,,,,,,,
12.829,,-3.138,6.695,"[1, 1, 0, 0, 1]","[1, 0, 1, 1, 1]","[1, 0, 0, 0, 1]","[1, 0, -1, 0, 1]","[1, -1, 1, 0, 0]","[1, -1, 0, 0, 1]",6.096,12.192,6.096,2,4,2,10.295,5.795,0.039,-6.695,0.003,-0.765
12.831,CLOSE_22,,,,,,,,,,,,,,,,,,,,
12.839,CLOSE_24,,,,,,,,,,,,,,,,,,,,
12.846,CLOSE_26,,,,,,,,,,,,,,,,,,,,
13.181,,-3.101,7.006,"[1, 1, 0, 0, 1]","[1, 0, 1, 1, 1]","[1, 0, 0, 0, 1]","[1, 0, -1, 0, 1]","[1, -1, 1, 0, 0]","[1, -1, 0, 0, 1]",6.096,12.192,6.096,2,4,2,10.606,6.106,0.042,-7.006,0.032,-0.787
13.183,CLOSE_22,,,,,,,,,,,,,,,,,,,,
13.185,CLOSE_26,,,,,,,,,,,,,,,,,,,,
13.186,CLOSE_22,,,,,,,,,,,,,,,,,,,,
13.188,CLOSE_24,,,,,,,,,,,,,,,,,,,,
13.189,CLOSE_26,,,,,,,,,,,,,,,,,,,,
13.213,,-3.101,7.006,"[1, 1, 0, 0, 1]","[1, 0, 1, 1, 1]","[1, 0, 0, 0, 1]","[1, 0, -1, 0, 1]","[1, -1, 1, 0, 0]","[1, -1, 0, 0, 1]",9.144,12.192,9.144,3,4,3,10.606,6.106,0.042,-7.006,0.032,-0.787
13.216,CLOSE_22,,,,,,,,,,,,,,,,,,,,
13.217,CLOSE_24,,,,,,,,,,,,,,,,,,,,
13.218,CLOSE_26,,,,,,,,,,,,,,,,,,,,
13.583,,-3.099,7.323,"[1, 1, 0, 0, 1]","[1, 0, 1, 1, 1]","[1, 0, 0, 0, 1]","[1, 0, -1, 0, 1]","[1, -1, 1, 0, 0]","[1, -1, 0, 0, 1]",9.144,12.192,9.144,3,4,3,10.923,6.423,0.049,-7.323,0.033,-0.776
13.585,CLOSE_22,,,,,,,,,,,,,,,,,,,,
13.586,CLOSE_24,,,,,,,,,,,,,,,,,,,,
13.589,CLOSE_26,,,,,,,,,,,,,,,,,,,,
13.613,,-3.099,7.323,"[1, 1, 0, 0, 1]","[1, 0, 1, 1, 1]","[1, 0, 0, 0, 1]","[1, 0, -1, 0, 1]","[1, -1, 1, 0, 0]","[1, -1, 0, 0, 1]",9.144,12.192,9.144,3,4,3,10.923,6.423,0.049,-7.323,0.033,-0.776
13.615,CLOSE_22,,,,,,,,,,,,,,,,,,,,
13.616,CLOSE_24,,,,,,,,,,,,,,,,,,,,
13.618,CLOSE_26,,,,,,,,,,,,,,,,,,,,
13.986,,3.126,7.636,"[1, 1, 0, 0, 1]","[1, 0, 1, 1, 1]","[1, 0, 0, 0, 1]","[1, 0, -1, 0, 1]","[1, -1, 1, 0, 0]","[1, -1, 0, 0, 1]",9.144,12.192,9.144,3,4,3,11.236,6.736,0.048,-7.636,-0.011,-0.726
13.988,CLOSE_22,,,,,,,,,,,,,,,,,,,,
13.989,CLOSE_24,,,,,,,,,,,,,,,,,,,,
13.990,CLOSE_26,,,,,,,,,,,,,,,,,,,,
14.015,,3.126,7.636,"[1, 1, 0, 0, 1]","[1, 0, 1, 1, 1]","[1, 0, 0, 0, 1]","[1, 0, -1, 0, 1]","[1, -1, 1, 0, 0]","[1, -1, 0, 0, 1]",9.144,12.192,9.144,3,4,3,11.236,6.736,0.048,-7.636,-0.011,-0.726
14.016,CLOSE_22,,,,,,,,,,,,,,,,,,,,
14.018,CLOSE_24,,,,,,,,,,,,,,,,,,,,
14.019,CLOSE_26,,,,,,,,,,,,,,,,,,,,
14.392,,-3.112,7.948,"[1, 1, 0, 0, 1]","[1, 0, 1, 1, 1]","[1, 0, 0, 0, 1]","[1, 0, -1, 0, 1]","[1, -1, 1, 0, 0]","[1, -1, 0, 0, 1]",9.144,12.192,9.144,3,4,3,11.548,7.048,0.054,-7.948,0.024,-0.799
14.394,CLOSE_22,,,,,,,,,,,,,,,,,,,,
14.395,CLOSE_24,,,,,,,,,,,,,,,,,,,,
14.396,CLOSE_26,,,,,,,,,,,,,,,,,,,,
14.422,,-3.112,7.948,"[1, 1, 0, 0, 1]","[1, 0, 1, 1, 1]","[1, 0, 0, 0, 1]","[1, 0, -1, 0, 1]","[1, -1, 1, 0, 0]","[1, -1, 0, 0, 1]",9.144,12.192,9.144,3,4,3,11.548,7.048,0.054,-7.948,0.024,-0.799
14.425,CLOSE_22,,,,,,,,,,,,,,,,,,,,
14.426,CLOSE_24,,,,,,,,,,,,,,,,,,,,
14.427,CLOSE_26,,,,,,,,,,,,,,,,,,,,
14.788,,3.133,8.251,"[1, 1, 0, 0, 1]","[1, 0, 1, 1, 1]","[1, 0, 0, 0, 1]","[1, 0, -1, 0, 1]","[1, -1, 1, 0, 0]","[1, -1, 0, 0, 1]",9.144,12.192,9.144,3,4,3,11.851,7.351,0.059,-8.251,-0.006,-0.734
14.790,CLOSE_22,,,,,,,,,,,,,,,,,,,,
14.791,CLOSE_24,,,,,,,,,,,,,,,,,,,,
14.792,CLOSE_26,,,,,,,,,,,,,,,,,,,,
14.819,,3.133,8.251,"[1, 1, 0, 0, 1]","[1, 0, 1, 1, 1]","[1, 0, 0, 0, 1]","[1, 0, -1, 0, 1]","[1, -1, 1, 0, 0]","[1, -1, 0, 0, 1]",9.144,12.192,9.144,3,4,3,11.851,7.351,0.059,-8.251,-0.006,-0.734
14.823,CLOSE_22,,,,,,,,,,,,,,,,,,,,
14.825,CLOSE_24,,,,,,,,,,,,,,,,,,,,
14.831,CLOSE_26,,,,,,,,,,,,,,,,,,,,
15.183,,-3.104,8.560,"[1, 1, 0, 0, 1]","[1, 0, 1, 1, 1]","[1, 0, 0, 0, 1]","[1, 0, -1, 0, 1]","[1, -1, 1, 0, 0]","[1, -1, 0, 0, 1]",9.144,12.192,9.144,3,4,3,12.160,7.660,0.065,-8.560,0.031,-0.814
15.186,CLOSE_22,,,,,,,,,,,,,,,,,,,,
15.188,CLOSE_24,,,,,,,,,,,,,,,,,,,,
15.190,CLOSE_26,,,,,,,,,,,,,,,,,,,,
15.216,,-3.104,8.560,"[1, 1, 0, 0, 1]","[1, 0, 1, 1, 1]","[1, 0, 0, 0, 1]","[1, 0, -1, 0, 1]","[1, -1, 1, 0, 0]","[1, -1, 0, 0, 1]",9.144,12.192,9.144,3,4,3,12.160,7.660,0.065,-8.560,0.031,-0.814
15.219,CLOSE_22,,,,,,,,,,,,,,,,,,,,
15.221,CLOSE_24,,,,,,,,,,,,,,,,,,,,
15.223,CLOSE_26,,,,,,,,,,,,,,,,,,,,
15.588,,-3.111,8.877,"[1, 1, 0, 0, 1]","[1, 0, 1, 1, 1]","[1, 0, 0, 0, 1]","[1, 0, -1, 0, 1]","[1, -1, 1, 0, 0]","[1, -1, 0, 0, 1]",9.144,12.192,9.144,3,4,3,12.477,7.977,0.067,-8.877,0.024,-0.772
15.592,OPEN_24,,,,,,,,,,,,,,,,,,,,
15.596,CLOSE_22,,,,,,,,,,,,,,,,,,,,
15.602,CLOSE_24,,,,,,,,,,,,,,,,,,,,
15.605,CLOSE_26,,,,,,,,,,,,,,,,,,,,
15.662,,-3.111,8.877,"[1, 1, 0, 0, 1]","[1, 0, 1, 1, 1]","[1, 0, 0, 0, 1]","[1, 0, -1, 0, 1]","[1, -1, 1, 0, 0]","[1, -1, 0, 0, 1]",9.144,None,9.144,3,5,3,12.477,7.977,0.067,-8.877,0.024,-0.772
15.668,CLOSE_22,,,,,,,,,,,,,,,,,,,,
15.669,CLOSE_24,,,,,,,,,,,,,,,,,,,,
15.670,CLOSE_26,,,,,,,,,,,,,,,,,,,,
15.989,,-3.099,9.193,"[1, 1, 0, 0, 1]","[1, 0, 1, 1, 1]","[1, 0, 0, 0, 1]","[1, 0, -1, 0, 1]","[1, -1, 1, 0, 0]","[1, -1, 0, 0, 1]",9.144,None,9.144,3,5,3,12.793,8.293,0.083,-9.193,0.033,-0.774
15.992,CLOSE_22,,,,,,,,,,,,,,,,,,,,
15.993,CLOSE_24,,,,,,,,,,,,,,,,,,,,
15.994,CLOSE_26,,,,,,,,,,,,,,,,,,,,
16.019,,-3.099,9.193,"[1, 1, 0, 0, 1]","[1, 0, 1, 1, 1]","[1, 0, 0, 0, 1]","[1, 0, -1, 0, 1]","[1, -1, 1, 0, 0]","[1, -1, 0, 0, 1]",9.144,None,9.144,3,5,3,12.793,8.293,0.083,-9.193,0.033,-0.774
16.021,CLOSE_22,,,,,,,,,,,,,,,,,,,,
16.023,CLOSE_24,,,,,,,,,,,,,,,,,,,,
16.024,CLOSE_26,,,,,,,,,,,,,,,,,,,,
16.386,,-3.139,9.513,"[1, 1, 0, 0, 1]","[1, 0, 1, 1, 1]","[1, 0, 0, 0, 1]","[1, 0, -1, 0, 1]","[1, -1, 1, 0, 0]","[1, -1, 0, 0, 1]",9.144,None,9.144,3,5,3,13.113,8.613,0.087,-9.513,0.002,-0.769
16.389,CLOSE_22,,,,,,,,,,,,,,,,,,,,
16.391,CLOSE_24,,,,,,,,,,,,,,,,,,,,
16.393,CLOSE_26,,,,,,,,,,,,,,,,,,,,
16.429,,-3.139,9.513,"[1, 1, 0, 0, 1]","[1, 0, 1, 1, 1]","[1, 0, 0, 0, 1]","[1, 0, -1, 0, 1]","[1, -1, 1, 0, 0]","[1, -1, 0, 0, 1]",9.144,None,9.144,3,5,3,13.113,8.613,0.087,-9.513,0.002,-0.769
16.435,CLOSE_22,,,,,,,,,,,,,,,,,,,,
16.456,CLOSE_24,,,,,,,,,,,,,,,,,,,,
16.461,CLOSE_26,,,,,,,,,,,,,,,,,,,,
16.786,,-3.131,9.825,"[1, 1, 0, 0, 1]","[1, 0, 1, 1, 1]","[1, 0, 0, 0, 1]","[1, 0, -1, 0, 1]","[1, -1, 1, 0, 0]","[1, -1, 0, 0, 1]",9.144,None,9.144,3,5,3,13.425,8.925,0.087,-9.825,0.008,-0.774
16.790,CLOSE_22,,,,,,,,,,,,,,,,,,,,
16.794,CLOSE_24,,,,,,,,,,,,,,,,,,,,
16.795,CLOSE_26,,,,,,,,,,,,,,,,,,,,
16.826,,-3.131,9.825,"[1, 1, 0, 0, 1]","[1, 0, 1, 1, 1]","[1, 0, 0, 0, 1]","[1, 0, -1, 0, 1]","[1, -1, 1, 0, 0]","[1, -1, 0, 0, 1]",9.144,None,9.144,3,5,3,13.425,8.925,0.087,-9.825,0.008,-0.774
16.830,CLOSE_22,,,,,,,,,,,,,,,,,,,,
16.831,CLOSE_24,,,,,,,,,,,,,,,,,,,,
16.832,CLOSE_26,,,,,,,,,,,,,,,,,,,,
17.181,,3.135,10.129,"[1, 1, 0, 0, 1]","[1, 0, 1, 1, 1]","[1, 0, 0, 0, 1]","[1, 0, -1, 0, 1]","[1, -1, 1, 0, 0]","[1, -1, 0, 0, 1]",9.144,None,9.144,3,5,3,13.729,9.229,0.085,-10.129,-0.005,-0.778
17.184,CLOSE_22,,,,,,,,,,,,,,,,,,,,
17.186,CLOSE_26,,,,,,,,,,,,,,,,,,,,
17.188,CLOSE_22,,,,,,,,,,,,,,,,,,,,
17.190,CLOSE_24,,,,,,,,,,,,,,,,,,,,
17.192,CLOSE_26,,,,,,,,,,,,,,,,,,,,
17.220,,3.135,10.129,"[1, 1, 0, 0, 1]","[1, 0, 1, 1, 1]","[1, 0, 0, 0, 1]","[1, 0, -1, 0, 1]","[1, -1, 1, 0, 0]","[1, -1, 0, 0, 1]",12.192,None,12.192,4,5,4,13.729,9.229,0.085,-10.129,-0.005,-0.778
17.221,OPEN_22,,,,,,,,,,,,,,,,,,,,
17.225,OPEN_26,,,,,,,,,,,,,,,,,,,,
17.233,CLOSE_22,,,,,,,,,,,,,,,,,,,,
17.240,CLOSE_24,,,,,,,,,,,,,,,,,,,,
17.243,CLOSE_26,,,,,,,,,,,,,,,,,,,,
17.583,,-3.140,10.439,"[1, 1, 0, 0, 1]","[1, 0, 1, 1, 1]","[1, 0, 0, 0, 1]","[1, 0, -1, 0, 1]","[1, -1, 1, 0, 0]","[1, -1, 0, 0, 1]",None,None,None,5,5,5,14.039,9.539,0.090,-10.439,0.001,-0.765
17.586,CLOSE_22,,,,,,,,,,,,,,,,,,,,
17.588,CLOSE_24,,,,,,,,,,,,,,,,,,,,
17.589,CLOSE_26,,,,,,,,,,,,,,,,,,,,
17.615,,-3.140,10.439,"[1, 1, 0, 0, 1]","[1, 0, 1, 1, 1]","[1, 0, 0, 0, 1]","[1, 0, -1, 0, 1]","[1, -1, 1, 0, 0]","[1, -1, 0, 0, 1]",None,None,None,5,5,5,14.039,9.539,0.090,-10.439,0.001,-0.765
17.625,CLOSE_22,,,,,,,,,,,,,,,,,,,,
17.630,CLOSE_24,,,,,,,,,,,,,,,,,,,,
17.633,CLOSE_26,,,,,,,,,,,,,,,,,,,,
17.987,,-3.119,10.752,"[1, 1, 0, 0, 1]","[1, 0, 1, 1, 1]","[1, 0, 0, 0, 1]","[1, 0, -1, 0, 1]","[1, -1, 1, 0, 0]","[1, -1, 0, 0, 1]",None,None,None,5,5,5,14.352,9.852,0.093,-10.752,0.017,-0.766
17.988,CLOSE_22,,,,,,,,,,,,,,,,,,,,
17.992,CLOSE_24,,,,,,,,,,,,,,,,,,,,
17.996,CLOSE_26,,,,,,,,,,,,,,,,,,,,
18.023,,-3.119,10.752,"[1, 1, 0, 0, 1]","[1, 0, 1, 1, 1]","[1, 0, 0, 0, 1]","[1, 0, -1, 0, 1]","[1, -1, 1, 0, 0]","[1, -1, 0, 0, 1]",None,None,None,5,5,5,14.352,9.852,0.093,-10.752,0.017,-0.766
18.025,CLOSE_22,,,,,,,,,,,,,,,,,,,,
18.029,CLOSE_24,,,,,,,,,,,,,,,,,,,,
18.031,CLOSE_26,,,,,,,,,,,,,,,,,,,,
18.385,,-3.093,11.073,"[1, 1, 0, 0, 1]","[1, 0, 1, 1, 1]","[1, 0, 0, 0, 1]","[1, 0, -1, 0, 1]","[1, -1, 1, 0, 0]","[1, -1, 0, 0, 1]",None,None,None,5,5,5,14.673,10.173,0.102,-11.073,0.038,-0.774
18.387,CLOSE_22,,,,,,,,,,,,,,,,,,,,
18.388,CLOSE_24,,,,,,,,,,,,,,,,,,,,
18.390,CLOSE_26,,,,,,,,,,,,,,,,,,,,
18.415,,-3.093,11.073,"[1, 1, 0, 0, 1]","[1, 0, 1, 1, 1]","[1, 0, 0, 0, 1]","[1, 0, -1, 0, 1]","[1, -1, 1, 0, 0]","[1, -1, 0, 0, 1]",None,None,None,5,5,5,14.673,10.173,0.102,-11.073,0.038,-0.774
18.421,CLOSE_22,,,,,,,,,,,,,,,,,,,,
18.423,CLOSE_24,,,,,,,,,,,,,,,,,,,,
18.426,CLOSE_26,,,,,,,,,,,,,,,,,,,,
18.789,,-3.142,11.386,"[1, 1, 0, 0, 1]","[1, 0, 1, 1, 1]","[1, 0, 0, 0, 1]","[1, 0, -1, 0, 1]","[1, -1, 1, 0, 0]","[1, -1, 0, 0, 1]",None,None,None,5,5,5,14.986,10.486,0.108,-11.386,0.000,-0.715
18.794,CLOSE_22,,,,,,,,,,,,,,,,,,,,
18.796,CLOSE_24,,,,,,,,,,,,,,,,,,,,
18.798,CLOSE_26,,,,,,,,,,,,,,,,,,,,
18.828,,-3.142,11.386,"[1, 1, 0, 0, 1]","[1, 0, 1, 1, 1]","[1, 0, 0, 0, 1]","[1, 0, -1, 0, 1]","[1, -1, 1, 0, 0]","[1, -1, 0, 0, 1]",None,None,None,5,5,5,14.986,10.486,0.108,-11.386,0.000,-0.715
18.831,CLOSE_22,,,,,,,,,,,,,,,,,,,,
18.833,CLOSE_24,,,,,,,,,,,,,,,,,,,,
18.836,CLOSE_26,,,,,,,,,,,,,,,,,,,,
19.181,,-3.131,11.690,"[1, 1, 0, 0, 1]","[1, 0, 1, 1, 1]","[1, 0, 0, 0, 1]","[1, 0, -1, 0, 1]","[1, -1, 1, 0, 0]","[1, -1, 0, 0, 1]",None,None,None,5,5,5,15.290,10.790,0.104,-11.690,0.008,-0.774
19.184,CLOSE_22,,,,,,,,,,,,,,,,,,,,
19.185,CLOSE_24,,,,,,,,,,,,,,,,,,,,
19.187,CLOSE_26,,,,,,,,,,,,,,,,,,,,
19.214,,-3.131,11.690,"[1, 1, 0, 0, 1]","[1, 0, 1, 1, 1]","[1, 0, 0, 0, 1]","[1, 0, -1, 0, 1]","[1, -1, 1, 0, 0]","[1, -1, 0, 0, 1]",None,None,None,5,5,5,15.290,10.790,0.104,-11.690,0.008,-0.774
19.216,CLOSE_22,,,,,,,,,,,,,,,,,,,,
19.218,CLOSE_24,,,,,,,,,,,,,,,,,,,,
19.221,CLOSE_26,,,,,,,,,,,,,,,,,,,,
19.583,,-3.130,12.006,"[1, 1, 0, 0, 1]","[1, 0, 1, 1, 1]","[1, 0, 0, 0, 1]","[1, 0, -1, 0, 1]","[1, -1, 1, 0, 0]","[1, -1, 0, 0, 1]",None,None,None,5,5,5,15.606,11.106,0.114,-12.006,0.009,-0.759
19.587,CLOSE_22,,,,,,,,,,,,,,,,,,,,
19.590,CLOSE_24,,,,,,,,,,,,,,,,,,,,
19.593,CLOSE_26,,,,,,,,,,,,,,,,,,,,
19.618,,-3.130,12.006,"[1, 1, 0, 0, 1]","[1, 0, 1, 1, 1]","[1, 0, 0, 0, 1]","[1, 0, -1, 0, 1]","[1, -1, 1, 0, 0]","[1, -1, 0, 0, 1]",None,None,None,5,5,5,15.606,11.106,0.114,-12.006,0.009,-0.759
19.620,CLOSE_22,,,,,,,,,,,,,,,,,,,,
19.624,CLOSE_24,,,,,,,,,,,,,,,,,,,,
19.626,CLOSE_26,,,,,,,,,,,,,,,,,,,,
19.988,,3.116,12.318,"[1, 1, 0, 0, 1]","[1, 0, 1, 1, 1]","[1, 0, 0, 0, 1]","[1, 0, -1, 0, 1]","[1, -1, 1, 0, 0]","[1, -1, 0, 0, 1]",None,None,None,5,5,5,15.918,11.418,0.106,-12.318,-0.019,-0.739
20.014,,3.116,12.318,"[1, 1, 0, 0, 1]","[1, 0, 1, 1, 1]","[1, 0, 0, 0, 1]","[1, 0, -1, 0, 1]","[1, -1, 1, 0, 0]","[1, -1, 0, 0, 1]",None,None,None,5,5,5,15.918,11.418,0.106,-12.318,-0.019,-0.739
20.385,,-3.137,12.628,"[1, 1, 0, 0, 1]","[1, 0, 1, 1, 1]","[1, 0, 0, 0, 1]","[1, 0, -1, 0, 1]","[1, -1, 1, 0, 0]","[1, -1, 0, 0, 1]",None,None,None,5,5,5,16.228,11.728,0.104,-12.628,0.004,-0.812
20.411,,-3.137,12.628,"[1, 1, 0, 0, 1]","[1, 0, 1, 1, 1]","[1, 0, 0, 0, 1]","[1, 0, -1, 0, 1]","[1, -1, 1, 0, 0]","[1, -1, 0, 0, 1]",None,None,None,5,5,5,16.228,11.728,0.104,-12.628,0.004,-0.812
20.790,,-3.094,12.942,"[1, 1, 0, 0, 1]","[1, 0, 1, 1, 1]","[1, 0, 0, 0, 1]","[1, 0, -1, 0, 1]","[1, -1, 1, 0, 0]","[1, -1, 0, 0, 1]",None,None,None,5,5,5,16.542,12.042,0.110,-12.942,0.037,-0.769
20.815,,-3.094,12.942,"[1, 1, 0, 0, 1]","[1, 0, 1, 1, 1]","[1, 0, 0, 0, 1]","[1, 0, -1, 0, 1]","[1, -1, 1, 0, 0]","[1, -1, 0, 0, 1]",None,None,None,5,5,5,16.542,12.042,0.110,-12.942,0.037,-0.769
21.183,,-3.127,13.252,"[1, 1, 0, 0, 1]","[1, 0, 1, 1, 1]","[1, 0, 0, 0, 1]","[1, 0, -1, 0, 1]","[1, -1, 1, 0, 0]","[1, -1, 0, 0, 1]",None,None,None,5,5,5,16.852,12.352,0.115,-13.252,0.011,-0.775
21.209,,-3.127,13.252,"[1, 1, 0, 0, 1]","[1, 0, 1, 1, 1]","[1, 0, 0, 0, 1]","[1, 0, -1, 0, 1]","[1, -1, 1, 0, 0]","[1, -1, 0, 0, 1]",None,None,None,5,5,5,16.852,12.352,0.115,-13.252,0.011,-0.775
21.581,,-3.129,13.570,"[1, 1, 0, 0, 1]","[1, 0, 1, 1, 1]","[1, 0, 0, 0, 1]","[1, 0, -1, 0, 1]","[1, -1, 1, 0, 0]","[1, -1, 0, 0, 1]",None,None,None,5,5,5,17.170,12.670,0.124,-13.570,0.010,-0.779
21.608,,-3.129,13.570,"[1, 1, 0, 0, 1]","[1, 0, 1, 1, 1]","[1, 0, 0, 0, 1]","[1, 0, -1, 0, 1]","[1, -1, 1, 0, 0]","[1, -1, 0, 0, 1]",None,None,None,5,5,5,17.170,12.670,0.124,-13.570,0.010,-0.779
21.988,,3.117,13.878,"[1, 1, 0, 0, 1]","[1, 0, 1, 1, 1]","[1, 0, 0, 0, 1]","[1, 0, -1, 0, 1]","[1, -1, 1, 0, 0]","[1, -1, 0, 0, 1]",None,None,None,5,5,5,17.478,12.978,0.120,-13.878,-0.019,-0.779
22.014,,3.117,13.878,"[1, 1, 0, 0, 1]","[1, 0, 1, 1, 1]","[1, 0, 0, 0, 1]","[1, 0, -1, 0, 1]","[1, -1, 1, 0, 0]","[1, -1, 0, 0, 1]",None,None,None,5,5,5,17.478,12.978,0.120,-13.878,-0.019,-0.779
22.389,,-3.111,14.198,"[1, 1, 0, 0, 1]","[1, 0, 1, 1, 1]","[1, 0, 0, 0, 1]","[1, 0, -1, 0, 1]","[1, -1, 1, 0, 0]","[1, -1, 0, 0, 1]",None,None,None,5,5,5,17.798,13.298,0.135,-14.198,0.025,-0.828
22.413,,-3.111,14.198,"[1, 1, 0, 0, 1]","[1, 0, 1, 1, 1]","[1, 0, 0, 0, 1]","[1, 0, -1, 0, 1]","[1, -1, 1, 0, 0]","[1, -1, 0, 0, 1]",None,None,None,5,5,5,17.798,13.298,0.135,-14.198,0.025,-0.828
22.788,,3.135,14.525,"[1, 1, 0, 0, 1]","[1, 0, 1, 1, 1]","[1, 0, 0, 0, 1]","[1, 0, -1, 0, 1]","[1, -1, 1, 0, 0]","[1, -1, 0, 0, 1]",None,None,None,5,5,5,18.125,13.625,0.138,-14.525,-0.005,-0.817
22.814,,3.135,14.525,"[1, 1, 0, 0, 1]","[1, 0, 1, 1, 1]","[1, 0, 0, 0, 1]","[1, 0, -1, 0, 1]","[1, -1, 1, 0, 0]","[1, -1, 0, 0, 1]",None,None,None,5,5,5,18.125,13.625,0.138,-14.525,-0.005,-0.817
23.183,,3.123,14.838,"[1, 1, 0, 0, 1]","[1, 0, 1, 1, 1]","[1, 0, 0, 0, 1]","[1, 0, -1, 0, 1]","[1, -1, 1, 0, 0]","[1, -1, 0, 0, 1]",None,None,None,5,5,5,18.438,13.938,0.146,-14.838,-0.015,-0.787
23.209,,3.123,14.838,"[1, 1, 0, 0, 1]","[1, 0, 1, 1, 1]","[1, 0, 0, 0, 1]","[1, 0, -1, 0, 1]","[1, -1, 1, 0, 0]","[1, -1, 0, 0, 1]",None,None,None,5,5,5,18.438,13.938,0.146,-14.838,-0.015,-0.787
23.590,,3.128,15.155,"[1, 1, 0, 0, 1]","[1, 0, 1, 1, 1]","[1, 0, 0, 0, 1]","[1, 0, -1, 0, 1]","[1, -1, 1, 0, 0]","[1, -1, 0, 0, 1]",None,None,None,5,5,5,18.755,14.255,0.143,-15.155,-0.011,-0.791
23.615,,3.128,15.155,"[1, 1, 0, 0, 1]","[1, 0, 1, 1, 1]","[1, 0, 0, 0, 1]","[1, 0, -1, 0, 1]","[1, -1, 1, 0, 0]","[1, -1, 0, 0, 1]",None,None,None,5,5,5,18.755,14.255,0.143,-15.155,-0.011,-0.791
23.988,,-3.129,15.471,"[1, 1, 0, 0, 1]","[1, 0, 1, 1, 1]","[1, 0, 0, 0, 1]","[1, 0, -1, 0, 1]","[1, -1, 1, 0, 0]","[1, -1, 0, 0, 1]",None,None,None,5,5,5,19.071,14.571,0.153,-15.471,0.010,-0.769
24.015,,-3.129,15.471,"[1, 1, 0, 0, 1]","[1, 0, 1, 1, 1]","[1, 0, 0, 0, 1]","[1, 0, -1, 0, 1]","[1, -1, 1, 0, 0]","[1, -1, 0, 0, 1]",None,None,None,5,5,5,19.071,14.571,0.153,-15.471,0.010,-0.769
